time,temperature_2m,relative_humidity_2m,precipitation,wind_speed_10m
2026-08-25 00:00:00,21.5,95,0.2,12.2
2026-08-25 01:00:00,21.6,95,0.3,14.1
2026-08-25 02:00:00,21.1,97,0.4,14.3
2026-08-25 03:00:00,20.9,97,0.3,15.6
2026-08-25 04:00:00,20.6,97,0.6,13.4
2026-08-25 05:00:00,21.0,96,0.2,15.0
2026-08-25 06:00:00,21.2,95,0.0,15.0
2026-08-25 07:00:00,21.8,93,0.0,17.5
2026-08-25 08:00:00,22.8,88,0.0,16.4
2026-08-25 09:00:00,24.6,80,0.1,20.5
2026-08-25 10:00:00,25.3,75,0.1,22.3
2026-08-25 11:00:00,25.8,73,0.6,21.3
2026-08-25 12:00:00,27.4,68,0.1,23.1
2026-08-25 13:00:00,27.4,66,0.0,24.9
2026-08-25 14:00:00,26.6,66,0.3,24.8
2026-08-25 15:00:00,25.6,74,0.8,25.0
2026-08-25 16:00:00,25.9,70,0.1,25.4
2026-08-25 17:00:00,24.9,75,0.1,24.8
2026-08-25 18:00:00,23.7,81,0.0,22.0
2026-08-25 19:00:00,22.9,84,0.0,18.7
2026-08-25 20:00:00,22.3,87,0.0,18.1
2026-08-25 21:00:00,22.1,88,0.0,19.1
2026-08-25 22:00:00,22.0,88,0.0,17.7
2026-08-25 23:00:00,22.0,88,0.0,17.2
2026-08-26 00:00:00,21.6,90,0.0,16.9
2026-08-26 01:00:00,21.4,91,0.0,15.8
2026-08-26 02:00:00,21.3,92,0.0,15.8
2026-08-26 03:00:00,21.6,90,0.0,15.5
2026-08-26 04:00:00,21.6,90,0.0,16.9
2026-08-26 05:00:00,21.3,92,0.0,14.7
2026-08-26 06:00:00,21.6,90,0.0,15.1
2026-08-26 07:00:00,22.1,88,0.1,15.8
2026-08-26 08:00:00,23.0,82,0.0,18.8
2026-08-26 09:00:00,24.3,77,0.1,20.2
2026-08-26 10:00:00,24.9,75,0.4,21.4
2026-08-26 11:00:00,26.6,68,0.5,20.8
2026-08-26 12:00:00,27.5,63,0.2,21.6
2026-08-26 13:00:00,27.8,62,0.4,22.7
2026-08-26 14:00:00,27.6,68,0.8,20.0
2026-08-26 15:00:00,26.8,66,0.4,23.7
2026-08-26 16:00:00,25.4,75,0.4,22.2
2026-08-26 17:00:00,25.1,76,0.3,22.4
2026-08-26 18:00:00,23.9,81,0.0,21.4
2026-08-26 19:00:00,23.0,85,0.0,19.1
2026-08-26 20:00:00,22.4,88,0.0,17.5
2026-08-26 21:00:00,22.3,89,0.0,15.9
2026-08-26 22:00:00,22.3,89,0.0,14.5
2026-08-26 23:00:00,22.4,89,0.0,15.9
2026-08-27 00:00:00,22.1,89,0.0,17.6
2026-08-27 01:00:00,21.8,90,0.0,16.0
2026-08-27 02:00:00,21.9,89,0.0,16.3
2026-08-27 03:00:00,21.4,91,0.0,15.2
2026-08-27 04:00:00,21.8,90,0.0,14.5
2026-08-27 05:00:00,21.9,89,0.0,15.7
2026-08-27 06:00:00,21.9,89,0.0,14.2
2026-08-27 07:00:00,22.4,86,0.0,15.4
2026-08-27 08:00:00,23.1,83,0.1,16.4
2026-08-27 09:00:00,25.4,71,0.1,19.4
2026-08-27 10:00:00,26.7,67,0.1,18.5
2026-08-27 11:00:00,27.5,63,0.3,20.7
2026-08-27 12:00:00,28.7,60,0.4,21.9
2026-08-27 13:00:00,29.4,60,0.1,21.4
2026-08-27 14:00:00,29.4,59,0.0,22.6
2026-08-27 15:00:00,27.4,66,0.4,24.4
2026-08-27 16:00:00,27.2,65,0.3,23.9
2026-08-27 17:00:00,25.9,71,0.1,23.8
2026-08-27 18:00:00,24.9,75,0.0,18.2
2026-08-27 19:00:00,23.7,83,0.0,17.7
2026-08-27 20:00:00,22.6,88,0.0,16.8
2026-08-27 21:00:00,22.4,89,0.0,15.2
2026-08-27 22:00:00,22.7,87,0.0,14.9
2026-08-27 23:00:00,22.2,89,0.0,14.1
2026-08-28 00:00:00,22.1,89,0.0,14.9
2026-08-28 01:00:00,21.7,91,0.0,14.1
2026-08-28 02:00:00,22.1,90,0.0,12.5
2026-08-28 03:00:00,22.1,90,0.1,13.1
2026-08-28 04:00:00,21.9,90,0.0,13.6
2026-08-28 05:00:00,21.2,93,0.0,13.8
2026-08-28 06:00:00,21.4,91,0.0,14.3
2026-08-28 07:00:00,22.3,86,0.0,17.3
2026-08-28 08:00:00,24.1,75,0.0,20.0
2026-08-28 09:00:00,25.4,71,0.1,19.3
2026-08-28 10:00:00,26.8,64,0.0,19.6
2026-08-28 11:00:00,28.6,57,0.1,20.4
2026-08-28 12:00:00,29.0,57,0.2,20.1
2026-08-28 13:00:00,29.5,54,0.1,21.9
2026-08-28 14:00:00,27.2,67,0.8,22.8
2026-08-28 15:00:00,28.7,59,0.1,24.5
2026-08-28 16:00:00,27.8,60,0.1,23.4
2026-08-28 17:00:00,26.3,66,0.1,21.9
2026-08-28 18:00:00,25.2,71,0.0,19.9
2026-08-28 19:00:00,23.8,79,0.0,17.4
2026-08-28 20:00:00,22.7,86,0.0,15.6
2026-08-28 21:00:00,22.0,89,0.0,14.5
2026-08-28 22:00:00,21.5,91,0.0,13.8
2026-08-28 23:00:00,21.2,93,0.0,13.4
2026-08-29 00:00:00,21.1,93,0.0,13.0
2026-08-29 01:00:00,21.1,92,0.0,12.9
2026-08-29 02:00:00,21.1,92,0.0,12.9
2026-08-29 03:00:00,20.8,93,0.0,13.1
2026-08-29 04:00:00,20.6,95,0.0,13.2
2026-08-29 05:00:00,20.7,94,0.0,13.9
2026-08-29 06:00:00,21.4,89,0.0,15.3
2026-08-29 07:00:00,22.6,82,0.0,17.4
2026-08-29 08:00:00,23.9,75,0.0,19.4
2026-08-29 09:00:00,25.5,66,0.0,20.7
2026-08-29 10:00:00,27.2,58,0.0,21.8
2026-08-29 11:00:00,28.4,53,0.0,22.5
2026-08-29 12:00:00,28.9,52,0.1,23.1
2026-08-29 13:00:00,29.0,52,0.1,23.5
2026-08-29 14:00:00,28.7,53,0.1,23.8
2026-08-29 15:00:00,28.0,56,0.4,23.8
2026-08-29 16:00:00,27.0,60,0.4,23.7
2026-08-29 17:00:00,25.9,65,0.4,22.7
2026-08-29 18:00:00,24.7,71,0.0,20.4
2026-08-29 19:00:00,23.4,79,0.0,17.3
2026-08-29 20:00:00,22.4,85,0.0,15.1
2026-08-29 21:00:00,21.8,88,0.0,14.3
2026-08-29 22:00:00,21.5,90,0.0,14.2
2026-08-29 23:00:00,21.3,92,0.0,14.0
2026-08-30 00:00:00,20.9,94,0.0,13.1
2026-08-30 01:00:00,20.5,95,0.0,12.1
2026-08-30 02:00:00,20.3,96,0.0,11.5
2026-08-30 03:00:00,20.1,97,0.0,11.5
2026-08-30 04:00:00,20.1,97,0.0,12.1
2026-08-30 05:00:00,20.4,94,0.0,12.9
2026-08-30 06:00:00,21.1,89,0.0,14.5
2026-08-30 07:00:00,22.0,84,0.0,16.6
2026-08-30 08:00:00,23.2,77,0.0,18.5
2026-08-30 09:00:00,24.7,70,0.1,19.2
2026-08-30 10:00:00,26.4,62,0.1,19.4
2026-08-30 11:00:00,27.8,57,0.1,19.9
2026-08-30 12:00:00,28.9,53,0.1,20.9
2026-08-30 13:00:00,29.6,51,0.1,22.2
2026-08-30 14:00:00,29.8,50,0.1,23.1
2026-08-30 15:00:00,29.2,51,0.1,23.6
2026-08-30 16:00:00,27.9,55,0.1,23.6
2026-08-30 17:00:00,26.6,59,0.1,23.0
2026-08-30 18:00:00,25.3,65,0.0,21.3
2026-08-30 19:00:00,24.0,73,0.0,19.0
2026-08-30 20:00:00,22.9,80,0.0,17.0
2026-08-30 21:00:00,22.1,84,0.0,15.7
2026-08-30 22:00:00,21.6,87,0.0,14.8
2026-08-30 23:00:00,21.3,88,0.0,14.1
2026-08-31 00:00:00,21.1,91,0.0,13.8
2026-08-31 01:00:00,20.6,94,0.0,13.3
2026-08-31 02:00:00,20.2,96,0.0,12.9
2026-08-31 03:00:00,20.0,97,0.0,12.6
2026-08-31 04:00:00,20.0,95,0.0,12.5
2026-08-31 05:00:00,20.4,92,0.0,12.8
2026-08-31 06:00:00,21.4,86,0.0,13.3
2026-08-31 07:00:00,22.8,77,0.0,14.6
2026-08-31 08:00:00,24.5,68,0.0,15.9
2026-08-31 09:00:00,26.3,60,0.0,17.5
2026-08-31 10:00:00,27.7,55,0.0,18.7
2026-08-31 11:00:00,28.7,51,0.0,19.8
2026-08-31 12:00:00,29.1,50,0.1,20.6
2026-08-31 13:00:00,29.2,49,0.1,21.2
2026-08-31 14:00:00,29.1,50,0.1,21.7
2026-08-31 15:00:00,28.8,51,0.1,21.9
2026-08-31 16:00:00,28.3,53,0.1,21.8
2026-08-31 17:00:00,27.7,55,0.1,21.2
2026-08-31 18:00:00,26.9,58,0.0,20.0
2026-08-31 19:00:00,25.9,63,0.0,18.2
2026-08-31 20:00:00,24.6,69,0.0,16.0
2026-08-31 21:00:00,23.4,76,0.0,14.1
2026-08-31 22:00:00,22.3,82,0.0,12.6
2026-08-31 23:00:00,21.4,88,0.0,11.5
