time,temperature_2m,relative_humidity_2m,precipitation,wind_speed_10m,city
2026-08-25 00:00:00,21.2,91,0.0,13.7,Bengaluru
2026-08-25 01:00:00,21.0,93,0.0,12.7,Bengaluru
2026-08-25 02:00:00,20.9,93,0.0,12.2,Bengaluru
2026-08-25 03:00:00,20.8,93,0.0,13.7,Bengaluru
2026-08-25 04:00:00,20.6,94,0.0,12.9,Bengaluru
2026-08-25 05:00:00,20.6,94,0.0,12.7,Bengaluru
2026-08-25 06:00:00,20.8,93,0.1,13.8,Bengaluru
2026-08-25 07:00:00,21.0,93,0.2,12.1,Bengaluru
2026-08-25 08:00:00,22.3,85,0.2,15.8,Bengaluru
2026-08-25 09:00:00,23.6,81,0.1,17.6,Bengaluru
2026-08-25 10:00:00,25.1,72,0.2,19.7,Bengaluru
2026-08-25 11:00:00,25.0,72,0.1,19.4,Bengaluru
2026-08-25 12:00:00,26.8,64,0.2,20.2,Bengaluru
2026-08-25 13:00:00,27.3,62,0.3,20.0,Bengaluru
2026-08-25 14:00:00,27.4,61,0.1,20.2,Bengaluru
2026-08-25 15:00:00,26.7,63,0.7,18.8,Bengaluru
2026-08-25 16:00:00,24.9,73,0.5,16.5,Bengaluru
2026-08-25 17:00:00,22.9,81,0.7,14.2,Bengaluru
2026-08-25 18:00:00,23.0,82,0.3,14.8,Bengaluru
2026-08-25 19:00:00,22.7,86,0.0,13.1,Bengaluru
2026-08-25 20:00:00,22.8,84,0.0,14.9,Bengaluru
2026-08-25 21:00:00,22.3,85,0.0,14.3,Bengaluru
2026-08-25 22:00:00,21.9,87,0.0,14.1,Bengaluru
2026-08-25 23:00:00,21.7,88,0.0,14.6,Bengaluru
2026-08-26 00:00:00,21.4,90,0.0,14.7,Bengaluru
2026-08-26 01:00:00,21.3,90,0.0,15.0,Bengaluru
2026-08-26 02:00:00,21.2,90,0.0,15.8,Bengaluru
2026-08-26 03:00:00,21.0,91,0.0,15.9,Bengaluru
2026-08-26 04:00:00,20.9,91,0.0,16.0,Bengaluru
2026-08-26 05:00:00,20.7,91,0.0,15.5,Bengaluru
2026-08-26 06:00:00,20.6,92,0.0,14.4,Bengaluru
2026-08-26 07:00:00,21.6,88,0.0,13.0,Bengaluru
2026-08-26 08:00:00,22.5,84,0.2,17.8,Bengaluru
2026-08-26 09:00:00,23.5,79,0.2,18.7,Bengaluru
2026-08-26 10:00:00,25.0,71,0.1,19.6,Bengaluru
2026-08-26 11:00:00,26.2,66,0.1,20.0,Bengaluru
2026-08-26 12:00:00,27.1,62,0.2,19.1,Bengaluru
2026-08-26 13:00:00,27.7,60,0.2,19.1,Bengaluru
2026-08-26 14:00:00,27.6,63,0.0,18.1,Bengaluru
2026-08-26 15:00:00,27.6,62,0.0,17.6,Bengaluru
2026-08-26 16:00:00,27.0,65,0.1,16.7,Bengaluru
2026-08-26 17:00:00,25.6,71,0.4,14.7,Bengaluru
2026-08-26 18:00:00,24.4,74,0.0,16.0,Bengaluru
2026-08-26 19:00:00,23.4,81,0.0,16.1,Bengaluru
2026-08-26 20:00:00,22.9,82,0.0,17.9,Bengaluru
2026-08-26 21:00:00,22.1,86,0.0,17.6,Bengaluru
2026-08-26 22:00:00,21.4,88,0.0,17.7,Bengaluru
2026-08-26 23:00:00,21.0,90,0.0,17.6,Bengaluru
2026-08-27 00:00:00,20.8,92,0.0,17.5,Bengaluru
2026-08-27 01:00:00,20.6,93,0.0,16.2,Bengaluru
2026-08-27 02:00:00,20.5,93,0.0,16.2,Bengaluru
2026-08-27 03:00:00,20.3,94,0.0,16.4,Bengaluru
2026-08-27 04:00:00,20.3,93,0.0,16.7,Bengaluru
2026-08-27 05:00:00,20.6,90,0.0,16.8,Bengaluru
2026-08-27 06:00:00,20.9,88,0.0,16.0,Bengaluru
2026-08-27 07:00:00,21.6,85,0.0,14.7,Bengaluru
2026-08-27 08:00:00,22.8,79,0.0,19.3,Bengaluru
2026-08-27 09:00:00,24.3,71,0.0,21.2,Bengaluru
2026-08-27 10:00:00,25.8,64,0.0,20.7,Bengaluru
2026-08-27 11:00:00,25.8,64,0.0,19.6,Bengaluru
2026-08-27 12:00:00,27.3,58,0.0,20.0,Bengaluru
2026-08-27 13:00:00,28.0,55,0.1,18.0,Bengaluru
2026-08-27 14:00:00,28.7,55,0.1,18.4,Bengaluru
2026-08-27 15:00:00,28.1,55,0.1,16.3,Bengaluru
2026-08-27 16:00:00,27.4,60,0.3,15.5,Bengaluru
2026-08-27 17:00:00,23.5,78,0.6,18.1,Bengaluru
2026-08-27 18:00:00,23.3,84,0.4,12.6,Bengaluru
2026-08-27 19:00:00,23.6,83,0.0,13.8,Bengaluru
2026-08-27 20:00:00,23.0,83,0.0,15.8,Bengaluru
2026-08-27 21:00:00,22.2,85,0.0,15.8,Bengaluru
2026-08-27 22:00:00,21.4,89,0.0,16.0,Bengaluru
2026-08-27 23:00:00,20.8,92,0.0,15.6,Bengaluru
2026-08-28 00:00:00,20.5,93,0.0,15.1,Bengaluru
2026-08-28 01:00:00,20.4,93,0.0,15.2,Bengaluru
2026-08-28 02:00:00,20.3,93,0.0,15.5,Bengaluru
2026-08-28 03:00:00,20.4,93,0.0,15.4,Bengaluru
2026-08-28 04:00:00,20.6,91,0.0,15.3,Bengaluru
2026-08-28 05:00:00,20.8,90,0.0,15.6,Bengaluru
2026-08-28 06:00:00,20.8,90,0.0,15.1,Bengaluru
2026-08-28 07:00:00,21.3,86,0.0,16.7,Bengaluru
2026-08-28 08:00:00,22.7,78,0.0,19.1,Bengaluru
2026-08-28 09:00:00,23.9,73,0.1,18.4,Bengaluru
2026-08-28 10:00:00,25.0,67,0.0,20.0,Bengaluru
2026-08-28 11:00:00,26.4,61,0.0,20.5,Bengaluru
2026-08-28 12:00:00,27.4,57,0.1,18.9,Bengaluru
2026-08-28 13:00:00,28.6,54,0.0,18.6,Bengaluru
2026-08-28 14:00:00,28.8,54,0.0,17.2,Bengaluru
2026-08-28 15:00:00,28.8,54,0.0,17.8,Bengaluru
2026-08-28 16:00:00,27.0,60,0.3,14.8,Bengaluru
2026-08-28 17:00:00,24.0,75,0.8,11.1,Bengaluru
2026-08-28 18:00:00,23.4,78,0.0,10.6,Bengaluru
2026-08-28 19:00:00,23.3,79,0.0,12.3,Bengaluru
2026-08-28 20:00:00,23.0,80,0.0,14.6,Bengaluru
2026-08-28 21:00:00,22.2,83,0.0,15.0,Bengaluru
2026-08-28 22:00:00,21.3,87,0.0,14.6,Bengaluru
2026-08-28 23:00:00,20.6,90,0.0,14.2,Bengaluru
2026-08-29 00:00:00,20.2,92,0.0,14.2,Bengaluru
2026-08-29 01:00:00,20.0,93,0.0,14.4,Bengaluru
2026-08-29 02:00:00,19.8,94,0.0,14.4,Bengaluru
2026-08-29 03:00:00,19.4,95,0.0,14.1,Bengaluru
2026-08-29 04:00:00,19.1,97,0.0,13.8,Bengaluru
2026-08-29 05:00:00,19.2,95,0.0,14.1,Bengaluru
2026-08-29 06:00:00,19.9,90,0.0,15.4,Bengaluru
2026-08-29 07:00:00,21.1,83,0.0,17.5,Bengaluru
2026-08-29 08:00:00,22.4,76,0.0,19.3,Bengaluru
2026-08-29 09:00:00,23.9,69,0.0,20.3,Bengaluru
2026-08-29 10:00:00,25.7,62,0.0,21.3,Bengaluru
2026-08-29 11:00:00,27.0,56,0.0,21.5,Bengaluru
2026-08-29 12:00:00,27.9,53,0.1,21.0,Bengaluru
2026-08-29 13:00:00,28.4,51,0.1,20.3,Bengaluru
2026-08-29 14:00:00,28.5,51,0.1,18.7,Bengaluru
2026-08-29 15:00:00,27.8,55,0.1,16.0,Bengaluru
2026-08-29 16:00:00,26.7,61,0.1,12.6,Bengaluru
2026-08-29 17:00:00,25.6,67,0.1,10.9,Bengaluru
2026-08-29 18:00:00,24.7,71,0.0,11.3,Bengaluru
2026-08-29 19:00:00,24.0,74,0.0,13.1,Bengaluru
2026-08-29 20:00:00,23.2,77,0.0,14.4,Bengaluru
2026-08-29 21:00:00,22.3,80,0.0,14.9,Bengaluru
2026-08-29 22:00:00,21.5,84,0.0,15.2,Bengaluru
2026-08-29 23:00:00,20.8,87,0.0,15.1,Bengaluru
2026-08-30 00:00:00,20.2,90,0.0,14.8,Bengaluru
2026-08-30 01:00:00,19.8,93,0.0,14.3,Bengaluru
2026-08-30 02:00:00,19.4,95,0.0,13.8,Bengaluru
2026-08-30 03:00:00,19.1,96,0.0,13.4,Bengaluru
2026-08-30 04:00:00,18.8,97,0.0,13.0,Bengaluru
2026-08-30 05:00:00,19.0,95,0.0,13.4,Bengaluru
2026-08-30 06:00:00,20.0,90,0.0,15.1,Bengaluru
2026-08-30 07:00:00,21.3,83,0.0,17.4,Bengaluru
2026-08-30 08:00:00,22.7,76,0.0,19.2,Bengaluru
2026-08-30 09:00:00,24.0,68,0.0,20.0,Bengaluru
2026-08-30 10:00:00,25.3,60,0.0,20.3,Bengaluru
2026-08-30 11:00:00,26.4,56,0.0,20.5,Bengaluru
2026-08-30 12:00:00,27.4,54,0.1,20.6,Bengaluru
2026-08-30 13:00:00,28.2,53,0.1,20.3,Bengaluru
2026-08-30 14:00:00,28.6,54,0.1,19.9,Bengaluru
2026-08-30 15:00:00,28.4,53,0.2,19.4,Bengaluru
2026-08-30 16:00:00,27.8,53,0.2,18.7,Bengaluru
2026-08-30 17:00:00,27.0,55,0.2,17.7,Bengaluru
2026-08-30 18:00:00,25.9,59,0.0,16.1,Bengaluru
2026-08-30 19:00:00,24.7,65,0.0,14.6,Bengaluru
2026-08-30 20:00:00,23.6,72,0.0,13.5,Bengaluru
2026-08-30 21:00:00,22.6,77,0.0,13.4,Bengaluru
2026-08-30 22:00:00,21.8,82,0.0,13.8,Bengaluru
2026-08-30 23:00:00,21.2,86,0.0,14.1,Bengaluru
2026-08-31 00:00:00,20.7,88,0.0,13.7,Bengaluru
2026-08-31 01:00:00,20.3,90,0.0,13.6,Bengaluru
2026-08-31 02:00:00,19.9,93,0.0,13.6,Bengaluru
2026-08-31 03:00:00,19.6,94,0.0,13.6,Bengaluru
2026-08-31 04:00:00,19.5,95,0.0,13.6,Bengaluru
2026-08-31 05:00:00,19.8,93,0.0,13.9,Bengaluru
2026-08-31 06:00:00,20.5,87,0.0,14.6,Bengaluru
2026-08-31 07:00:00,21.7,80,0.0,15.7,Bengaluru
2026-08-31 08:00:00,23.0,73,0.0,17.1,Bengaluru
2026-08-31 09:00:00,24.4,66,0.0,18.5,Bengaluru
2026-08-31 10:00:00,25.6,61,0.0,19.7,Bengaluru
2026-08-31 11:00:00,26.5,57,0.0,20.1,Bengaluru
2026-08-31 12:00:00,26.9,56,0.1,19.6,Bengaluru
2026-08-31 13:00:00,27.2,55,0.1,18.8,Bengaluru
2026-08-31 14:00:00,27.3,56,0.1,17.4,Bengaluru
2026-08-31 15:00:00,27.3,57,0.1,16.0,Bengaluru
2026-08-31 16:00:00,27.0,59,0.1,14.7,Bengaluru
2026-08-31 17:00:00,26.7,60,0.1,13.6,Bengaluru
2026-08-31 18:00:00,26.1,63,0.0,12.8,Bengaluru
2026-08-31 19:00:00,25.2,66,0.0,11.8,Bengaluru
2026-08-31 20:00:00,24.2,70,0.0,11.2,Bengaluru
2026-08-31 21:00:00,23.2,75,0.0,10.4,Bengaluru
2026-08-31 22:00:00,22.2,79,0.0,9.9,Bengaluru
2026-08-31 23:00:00,21.4,83,0.0,9.6,Bengaluru
2026-08-25 00:00:00,21.5,95,0.2,12.2,Mysuru
2026-08-25 01:00:00,21.6,95,0.3,14.1,Mysuru
2026-08-25 02:00:00,21.1,97,0.4,14.3,Mysuru
2026-08-25 03:00:00,20.9,97,0.3,15.6,Mysuru
2026-08-25 04:00:00,20.6,97,0.6,13.4,Mysuru
2026-08-25 05:00:00,21.0,96,0.2,15.0,Mysuru
2026-08-25 06:00:00,21.2,95,0.0,15.0,Mysuru
2026-08-25 07:00:00,21.8,93,0.0,17.5,Mysuru
2026-08-25 08:00:00,22.8,88,0.0,16.4,Mysuru
2026-08-25 09:00:00,24.6,80,0.1,20.5,Mysuru
2026-08-25 10:00:00,25.3,75,0.1,22.3,Mysuru
2026-08-25 11:00:00,25.8,73,0.6,21.3,Mysuru
2026-08-25 12:00:00,27.4,68,0.1,23.1,Mysuru
2026-08-25 13:00:00,27.4,66,0.0,24.9,Mysuru
2026-08-25 14:00:00,26.6,66,0.3,24.8,Mysuru
2026-08-25 15:00:00,25.6,74,0.8,25.0,Mysuru
2026-08-25 16:00:00,25.9,70,0.1,25.4,Mysuru
2026-08-25 17:00:00,24.9,75,0.1,24.8,Mysuru
2026-08-25 18:00:00,23.7,81,0.0,22.0,Mysuru
2026-08-25 19:00:00,22.9,84,0.0,18.7,Mysuru
2026-08-25 20:00:00,22.3,87,0.0,18.1,Mysuru
2026-08-25 21:00:00,22.1,88,0.0,19.1,Mysuru
2026-08-25 22:00:00,22.0,88,0.0,17.7,Mysuru
2026-08-25 23:00:00,22.0,88,0.0,17.2,Mysuru
2026-08-26 00:00:00,21.6,90,0.0,16.9,Mysuru
2026-08-26 01:00:00,21.4,91,0.0,15.8,Mysuru
2026-08-26 02:00:00,21.3,92,0.0,15.8,Mysuru
2026-08-26 03:00:00,21.6,90,0.0,15.5,Mysuru
2026-08-26 04:00:00,21.6,90,0.0,16.9,Mysuru
2026-08-26 05:00:00,21.3,92,0.0,14.7,Mysuru
2026-08-26 06:00:00,21.6,90,0.0,15.1,Mysuru
2026-08-26 07:00:00,22.1,88,0.1,15.8,Mysuru
2026-08-26 08:00:00,23.0,82,0.0,18.8,Mysuru
2026-08-26 09:00:00,24.3,77,0.1,20.2,Mysuru
2026-08-26 10:00:00,24.9,75,0.4,21.4,Mysuru
2026-08-26 11:00:00,26.6,68,0.5,20.8,Mysuru
2026-08-26 12:00:00,27.5,63,0.2,21.6,Mysuru
2026-08-26 13:00:00,27.8,62,0.4,22.7,Mysuru
2026-08-26 14:00:00,27.6,68,0.8,20.0,Mysuru
2026-08-26 15:00:00,26.8,66,0.4,23.7,Mysuru
2026-08-26 16:00:00,25.4,75,0.4,22.2,Mysuru
2026-08-26 17:00:00,25.1,76,0.3,22.4,Mysuru
2026-08-26 18:00:00,23.9,81,0.0,21.4,Mysuru
2026-08-26 19:00:00,23.0,85,0.0,19.1,Mysuru
2026-08-26 20:00:00,22.4,88,0.0,17.5,Mysuru
2026-08-26 21:00:00,22.3,89,0.0,15.9,Mysuru
2026-08-26 22:00:00,22.3,89,0.0,14.5,Mysuru
2026-08-26 23:00:00,22.4,89,0.0,15.9,Mysuru
2026-08-27 00:00:00,22.1,89,0.0,17.6,Mysuru
2026-08-27 01:00:00,21.8,90,0.0,16.0,Mysuru
2026-08-27 02:00:00,21.9,89,0.0,16.3,Mysuru
2026-08-27 03:00:00,21.4,91,0.0,15.2,Mysuru
2026-08-27 04:00:00,21.8,90,0.0,14.5,Mysuru
2026-08-27 05:00:00,21.9,89,0.0,15.7,Mysuru
2026-08-27 06:00:00,21.9,89,0.0,14.2,Mysuru
2026-08-27 07:00:00,22.4,86,0.0,15.4,Mysuru
2026-08-27 08:00:00,23.1,83,0.1,16.4,Mysuru
2026-08-27 09:00:00,25.4,71,0.1,19.4,Mysuru
2026-08-27 10:00:00,26.7,67,0.1,18.5,Mysuru
2026-08-27 11:00:00,27.5,63,0.3,20.7,Mysuru
2026-08-27 12:00:00,28.7,60,0.4,21.9,Mysuru
2026-08-27 13:00:00,29.4,60,0.1,21.4,Mysuru
2026-08-27 14:00:00,29.4,59,0.0,22.6,Mysuru
2026-08-27 15:00:00,27.4,66,0.4,24.4,Mysuru
2026-08-27 16:00:00,27.2,65,0.3,23.9,Mysuru
2026-08-27 17:00:00,25.9,71,0.1,23.8,Mysuru
2026-08-27 18:00:00,24.9,75,0.0,18.2,Mysuru
2026-08-27 19:00:00,23.7,83,0.0,17.7,Mysuru
2026-08-27 20:00:00,22.6,88,0.0,16.8,Mysuru
2026-08-27 21:00:00,22.4,89,0.0,15.2,Mysuru
2026-08-27 22:00:00,22.7,87,0.0,14.9,Mysuru
2026-08-27 23:00:00,22.2,89,0.0,14.1,Mysuru
2026-08-28 00:00:00,22.1,89,0.0,14.9,Mysuru
2026-08-28 01:00:00,21.7,91,0.0,14.1,Mysuru
2026-08-28 02:00:00,22.1,90,0.0,12.5,Mysuru
2026-08-28 03:00:00,22.1,90,0.1,13.1,Mysuru
2026-08-28 04:00:00,21.9,90,0.0,13.6,Mysuru
2026-08-28 05:00:00,21.2,93,0.0,13.8,Mysuru
2026-08-28 06:00:00,21.4,91,0.0,14.3,Mysuru
2026-08-28 07:00:00,22.3,86,0.0,17.3,Mysuru
2026-08-28 08:00:00,24.1,75,0.0,20.0,Mysuru
2026-08-28 09:00:00,25.4,71,0.1,19.3,Mysuru
2026-08-28 10:00:00,26.8,64,0.0,19.6,Mysuru
2026-08-28 11:00:00,28.6,57,0.1,20.4,Mysuru
2026-08-28 12:00:00,29.0,57,0.2,20.1,Mysuru
2026-08-28 13:00:00,29.5,54,0.1,21.9,Mysuru
2026-08-28 14:00:00,27.2,67,0.8,22.8,Mysuru
2026-08-28 15:00:00,28.7,59,0.1,24.5,Mysuru
2026-08-28 16:00:00,27.8,60,0.1,23.4,Mysuru
2026-08-28 17:00:00,26.3,66,0.1,21.9,Mysuru
2026-08-28 18:00:00,25.2,71,0.0,19.9,Mysuru
2026-08-28 19:00:00,23.8,79,0.0,17.4,Mysuru
2026-08-28 20:00:00,22.7,86,0.0,15.6,Mysuru
2026-08-28 21:00:00,22.0,89,0.0,14.5,Mysuru
2026-08-28 22:00:00,21.5,91,0.0,13.8,Mysuru
2026-08-28 23:00:00,21.2,93,0.0,13.4,Mysuru
2026-08-29 00:00:00,21.1,93,0.0,13.0,Mysuru
2026-08-29 01:00:00,21.1,92,0.0,12.9,Mysuru
2026-08-29 02:00:00,21.1,92,0.0,12.9,Mysuru
2026-08-29 03:00:00,20.8,93,0.0,13.1,Mysuru
2026-08-29 04:00:00,20.6,95,0.0,13.2,Mysuru
2026-08-29 05:00:00,20.7,94,0.0,13.9,Mysuru
2026-08-29 06:00:00,21.4,89,0.0,15.3,Mysuru
2026-08-29 07:00:00,22.6,82,0.0,17.4,Mysuru
2026-08-29 08:00:00,23.9,75,0.0,19.4,Mysuru
2026-08-29 09:00:00,25.5,66,0.0,20.7,Mysuru
2026-08-29 10:00:00,27.2,58,0.0,21.8,Mysuru
2026-08-29 11:00:00,28.4,53,0.0,22.5,Mysuru
2026-08-29 12:00:00,28.9,52,0.1,23.1,Mysuru
2026-08-29 13:00:00,29.0,52,0.1,23.5,Mysuru
2026-08-29 14:00:00,28.7,53,0.1,23.8,Mysuru
2026-08-29 15:00:00,28.0,56,0.4,23.8,Mysuru
2026-08-29 16:00:00,27.0,60,0.4,23.7,Mysuru
2026-08-29 17:00:00,25.9,65,0.4,22.7,Mysuru
2026-08-29 18:00:00,24.7,71,0.0,20.4,Mysuru
2026-08-29 19:00:00,23.4,79,0.0,17.3,Mysuru
2026-08-29 20:00:00,22.4,85,0.0,15.1,Mysuru
2026-08-29 21:00:00,21.8,88,0.0,14.3,Mysuru
2026-08-29 22:00:00,21.5,90,0.0,14.2,Mysuru
2026-08-29 23:00:00,21.3,92,0.0,14.0,Mysuru
2026-08-30 00:00:00,20.9,94,0.0,13.1,Mysuru
2026-08-30 01:00:00,20.5,95,0.0,12.1,Mysuru
2026-08-30 02:00:00,20.3,96,0.0,11.5,Mysuru
2026-08-30 03:00:00,20.1,97,0.0,11.5,Mysuru
2026-08-30 04:00:00,20.1,97,0.0,12.1,Mysuru
2026-08-30 05:00:00,20.4,94,0.0,12.9,Mysuru
2026-08-30 06:00:00,21.1,89,0.0,14.5,Mysuru
2026-08-30 07:00:00,22.0,84,0.0,16.6,Mysuru
2026-08-30 08:00:00,23.2,77,0.0,18.5,Mysuru
2026-08-30 09:00:00,24.7,70,0.1,19.2,Mysuru
2026-08-30 10:00:00,26.4,62,0.1,19.4,Mysuru
2026-08-30 11:00:00,27.8,57,0.1,19.9,Mysuru
2026-08-30 12:00:00,28.9,53,0.1,20.9,Mysuru
2026-08-30 13:00:00,29.6,51,0.1,22.2,Mysuru
2026-08-30 14:00:00,29.8,50,0.1,23.1,Mysuru
2026-08-30 15:00:00,29.2,51,0.1,23.6,Mysuru
2026-08-30 16:00:00,27.9,55,0.1,23.6,Mysuru
2026-08-30 17:00:00,26.6,59,0.1,23.0,Mysuru
2026-08-30 18:00:00,25.3,65,0.0,21.3,Mysuru
2026-08-30 19:00:00,24.0,73,0.0,19.0,Mysuru
2026-08-30 20:00:00,22.9,80,0.0,17.0,Mysuru
2026-08-30 21:00:00,22.1,84,0.0,15.7,Mysuru
2026-08-30 22:00:00,21.6,87,0.0,14.8,Mysuru
2026-08-30 23:00:00,21.3,88,0.0,14.1,Mysuru
2026-08-31 00:00:00,21.1,91,0.0,13.8,Mysuru
2026-08-31 01:00:00,20.6,94,0.0,13.3,Mysuru
2026-08-31 02:00:00,20.2,96,0.0,12.9,Mysuru
2026-08-31 03:00:00,20.0,97,0.0,12.6,Mysuru
2026-08-31 04:00:00,20.0,95,0.0,12.5,Mysuru
2026-08-31 05:00:00,20.4,92,0.0,12.8,Mysuru
2026-08-31 06:00:00,21.4,86,0.0,13.3,Mysuru
2026-08-31 07:00:00,22.8,77,0.0,14.6,Mysuru
2026-08-31 08:00:00,24.5,68,0.0,15.9,Mysuru
2026-08-31 09:00:00,26.3,60,0.0,17.5,Mysuru
2026-08-31 10:00:00,27.7,55,0.0,18.7,Mysuru
2026-08-31 11:00:00,28.7,51,0.0,19.8,Mysuru
2026-08-31 12:00:00,29.1,50,0.1,20.6,Mysuru
2026-08-31 13:00:00,29.2,49,0.1,21.2,Mysuru
2026-08-31 14:00:00,29.1,50,0.1,21.7,Mysuru
2026-08-31 15:00:00,28.8,51,0.1,21.9,Mysuru
2026-08-31 16:00:00,28.3,53,0.1,21.8,Mysuru
2026-08-31 17:00:00,27.7,55,0.1,21.2,Mysuru
2026-08-31 18:00:00,26.9,58,0.0,20.0,Mysuru
2026-08-31 19:00:00,25.9,63,0.0,18.2,Mysuru
2026-08-31 20:00:00,24.6,69,0.0,16.0,Mysuru
2026-08-31 21:00:00,23.4,76,0.0,14.1,Mysuru
2026-08-31 22:00:00,22.3,82,0.0,12.6,Mysuru
2026-08-31 23:00:00,21.4,88,0.0,11.5,Mysuru
2026-08-25 00:00:00,24.6,97,1.6,3.4,Mangaluru
2026-08-25 01:00:00,24.6,98,1.3,2.5,Mangaluru
2026-08-25 02:00:00,24.5,97,2.4,5.9,Mangaluru
2026-08-25 03:00:00,23.9,96,2.7,12.6,Mangaluru
2026-08-25 04:00:00,24.1,96,2.8,4.0,Mangaluru
2026-08-25 05:00:00,24.2,96,1.1,2.3,Mangaluru
2026-08-25 06:00:00,24.5,96,0.6,2.3,Mangaluru
2026-08-25 07:00:00,24.7,97,0.5,6.3,Mangaluru
2026-08-25 08:00:00,24.9,96,0.8,3.5,Mangaluru
2026-08-25 09:00:00,25.5,94,0.6,4.1,Mangaluru
2026-08-25 10:00:00,26.2,89,0.6,6.7,Mangaluru
2026-08-25 11:00:00,25.4,89,1.7,12.8,Mangaluru
2026-08-25 12:00:00,25.5,91,1.3,5.9,Mangaluru
2026-08-25 13:00:00,25.8,91,1.3,5.0,Mangaluru
2026-08-25 14:00:00,26.6,86,0.4,8.4,Mangaluru
2026-08-25 15:00:00,26.1,86,0.2,11.6,Mangaluru
2026-08-25 16:00:00,24.4,94,1.0,13.1,Mangaluru
2026-08-25 17:00:00,24.5,92,0.4,7.8,Mangaluru
2026-08-25 18:00:00,24.7,91,0.1,9.3,Mangaluru
2026-08-25 19:00:00,24.9,91,0.1,8.6,Mangaluru
2026-08-25 20:00:00,24.9,91,0.2,9.6,Mangaluru
2026-08-25 21:00:00,25.0,91,0.1,9.6,Mangaluru
2026-08-25 22:00:00,24.9,92,0.1,7.4,Mangaluru
2026-08-25 23:00:00,25.0,93,0.5,5.8,Mangaluru
2026-08-26 00:00:00,25.0,94,0.2,6.3,Mangaluru
2026-08-26 01:00:00,24.9,94,0.3,8.6,Mangaluru
2026-08-26 02:00:00,24.7,93,1.1,9.1,Mangaluru
2026-08-26 03:00:00,24.6,94,1.2,8.4,Mangaluru
2026-08-26 04:00:00,23.9,97,1.2,7.6,Mangaluru
2026-08-26 05:00:00,24.1,96,0.1,2.5,Mangaluru
2026-08-26 06:00:00,24.5,96,0.3,4.8,Mangaluru
2026-08-26 07:00:00,24.9,95,0.6,6.4,Mangaluru
2026-08-26 08:00:00,24.8,94,0.8,11.5,Mangaluru
2026-08-26 09:00:00,25.4,92,0.9,5.5,Mangaluru
2026-08-26 10:00:00,26.3,87,0.7,1.0,Mangaluru
2026-08-26 11:00:00,27.0,85,0.3,9.4,Mangaluru
2026-08-26 12:00:00,26.7,84,0.1,11.6,Mangaluru
2026-08-26 13:00:00,27.3,81,0.0,12.2,Mangaluru
2026-08-26 14:00:00,27.3,83,0.0,11.5,Mangaluru
2026-08-26 15:00:00,27.1,85,0.1,13.1,Mangaluru
2026-08-26 16:00:00,27.0,85,0.0,11.1,Mangaluru
2026-08-26 17:00:00,26.8,84,0.0,12.5,Mangaluru
2026-08-26 18:00:00,25.1,93,0.3,13.3,Mangaluru
2026-08-26 19:00:00,24.6,96,1.0,7.5,Mangaluru
2026-08-26 20:00:00,24.1,96,1.9,5.9,Mangaluru
2026-08-26 21:00:00,24.8,96,0.8,2.4,Mangaluru
2026-08-26 22:00:00,24.8,96,0.4,1.8,Mangaluru
2026-08-26 23:00:00,24.7,97,0.6,2.6,Mangaluru
2026-08-27 00:00:00,24.4,97,0.8,2.2,Mangaluru
2026-08-27 01:00:00,24.3,99,0.7,2.2,Mangaluru
2026-08-27 02:00:00,23.9,99,0.4,2.7,Mangaluru
2026-08-27 03:00:00,24.1,99,0.4,2.6,Mangaluru
2026-08-27 04:00:00,24.3,98,0.5,2.9,Mangaluru
2026-08-27 05:00:00,24.1,98,0.4,1.4,Mangaluru
2026-08-27 06:00:00,24.0,98,0.6,1.4,Mangaluru
2026-08-27 07:00:00,24.9,94,0.6,2.9,Mangaluru
2026-08-27 08:00:00,25.3,93,0.8,10.6,Mangaluru
2026-08-27 09:00:00,26.3,87,0.2,5.6,Mangaluru
2026-08-27 10:00:00,27.4,83,0.4,7.9,Mangaluru
2026-08-27 11:00:00,27.1,84,0.7,9.1,Mangaluru
2026-08-27 12:00:00,28.3,79,0.0,11.2,Mangaluru
2026-08-27 13:00:00,27.4,84,0.3,10.3,Mangaluru
2026-08-27 14:00:00,28.3,80,0.0,10.3,Mangaluru
2026-08-27 15:00:00,27.7,83,0.0,11.5,Mangaluru
2026-08-27 16:00:00,27.6,82,0.0,10.5,Mangaluru
2026-08-27 17:00:00,27.0,83,0.1,9.9,Mangaluru
2026-08-27 18:00:00,26.5,88,0.3,6.7,Mangaluru
2026-08-27 19:00:00,25.9,91,0.2,6.4,Mangaluru
2026-08-27 20:00:00,25.2,96,0.6,2.5,Mangaluru
2026-08-27 21:00:00,24.8,96,1.2,6.9,Mangaluru
2026-08-27 22:00:00,25.0,96,0.2,2.1,Mangaluru
2026-08-27 23:00:00,24.6,98,0.0,6.5,Mangaluru
2026-08-28 00:00:00,24.3,98,0.3,6.4,Mangaluru
2026-08-28 01:00:00,24.2,98,0.1,3.5,Mangaluru
2026-08-28 02:00:00,23.9,98,0.0,2.2,Mangaluru
2026-08-28 03:00:00,24.0,98,0.0,2.4,Mangaluru
2026-08-28 04:00:00,23.6,98,0.0,2.9,Mangaluru
2026-08-28 05:00:00,23.5,99,0.0,3.2,Mangaluru
2026-08-28 06:00:00,23.3,99,0.0,4.9,Mangaluru
2026-08-28 07:00:00,24.2,99,0.0,5.8,Mangaluru
2026-08-28 08:00:00,25.1,93,0.3,2.2,Mangaluru
2026-08-28 09:00:00,26.6,86,0.1,3.3,Mangaluru
2026-08-28 10:00:00,26.6,83,0.6,10.2,Mangaluru
2026-08-28 11:00:00,27.0,84,0.3,6.3,Mangaluru
2026-08-28 12:00:00,27.6,82,0.0,8.6,Mangaluru
2026-08-28 13:00:00,27.7,82,0.1,10.8,Mangaluru
2026-08-28 14:00:00,28.2,79,0.1,11.6,Mangaluru
2026-08-28 15:00:00,27.0,82,0.4,13.0,Mangaluru
2026-08-28 16:00:00,26.0,85,0.5,13.4,Mangaluru
2026-08-28 17:00:00,25.4,91,0.3,5.5,Mangaluru
2026-08-28 18:00:00,25.1,93,0.2,5.4,Mangaluru
2026-08-28 19:00:00,25.1,94,0.2,5.4,Mangaluru
2026-08-28 20:00:00,25.0,95,0.2,5.2,Mangaluru
2026-08-28 21:00:00,24.6,96,0.1,5.1,Mangaluru
2026-08-28 22:00:00,24.1,96,0.1,5.1,Mangaluru
2026-08-28 23:00:00,23.8,96,0.1,5.2,Mangaluru
2026-08-29 00:00:00,23.7,96,0.1,5.2,Mangaluru
2026-08-29 01:00:00,23.7,96,0.1,5.2,Mangaluru
2026-08-29 02:00:00,23.7,97,0.1,5.5,Mangaluru
2026-08-29 03:00:00,23.6,98,0.0,5.9,Mangaluru
2026-08-29 04:00:00,23.4,99,0.0,6.2,Mangaluru
2026-08-29 05:00:00,23.5,98,0.0,6.4,Mangaluru
2026-08-29 06:00:00,23.8,97,0.2,7.1,Mangaluru
2026-08-29 07:00:00,24.4,94,0.2,7.7,Mangaluru
2026-08-29 08:00:00,25.0,92,0.2,6.2,Mangaluru
2026-08-29 09:00:00,25.6,89,0.2,0.7,Mangaluru
2026-08-29 10:00:00,26.3,85,0.2,6.7,Mangaluru
2026-08-29 11:00:00,26.9,82,0.2,12.0,Mangaluru
2026-08-29 12:00:00,27.5,79,0.0,13.2,Mangaluru
2026-08-29 13:00:00,28.0,77,0.0,12.5,Mangaluru
2026-08-29 14:00:00,28.3,75,0.0,11.4,Mangaluru
2026-08-29 15:00:00,28.0,77,0.0,10.4,Mangaluru
2026-08-29 16:00:00,27.4,80,0.0,9.2,Mangaluru
2026-08-29 17:00:00,26.8,83,0.0,7.9,Mangaluru
2026-08-29 18:00:00,26.4,85,0.0,6.8,Mangaluru
2026-08-29 19:00:00,26.1,88,0.0,5.7,Mangaluru
2026-08-29 20:00:00,25.7,90,0.0,4.1,Mangaluru
2026-08-29 21:00:00,25.3,93,0.1,2.3,Mangaluru
2026-08-29 22:00:00,24.8,94,0.1,4.1,Mangaluru
2026-08-29 23:00:00,24.4,96,0.1,6.2,Mangaluru
2026-08-30 00:00:00,24.1,97,0.4,6.1,Mangaluru
2026-08-30 01:00:00,23.9,98,0.4,4.8,Mangaluru
2026-08-30 02:00:00,23.6,99,0.4,4.0,Mangaluru
2026-08-30 03:00:00,23.3,99,0.0,4.2,Mangaluru
2026-08-30 04:00:00,23.1,99,0.0,4.8,Mangaluru
2026-08-30 05:00:00,23.0,98,0.0,5.2,Mangaluru
2026-08-30 06:00:00,23.2,98,0.2,5.5,Mangaluru
2026-08-30 07:00:00,23.6,98,0.2,5.8,Mangaluru
2026-08-30 08:00:00,24.3,96,0.2,4.9,Mangaluru
2026-08-30 09:00:00,25.6,91,0.1,1.9,Mangaluru
2026-08-30 10:00:00,27.1,85,0.1,2.4,Mangaluru
2026-08-30 11:00:00,28.2,81,0.1,6.1,Mangaluru
2026-08-30 12:00:00,28.6,78,0.1,9.4,Mangaluru
2026-08-30 13:00:00,28.5,77,0.1,12.4,Mangaluru
2026-08-30 14:00:00,28.3,76,0.1,14.1,Mangaluru
2026-08-30 15:00:00,28.1,77,0.3,14.1,Mangaluru
2026-08-30 16:00:00,27.8,79,0.3,13.4,Mangaluru
2026-08-30 17:00:00,27.3,81,0.3,12.8,Mangaluru
2026-08-30 18:00:00,26.7,85,0.5,11.9,Mangaluru
2026-08-30 19:00:00,25.9,89,0.5,10.4,Mangaluru
2026-08-30 20:00:00,25.1,93,0.5,8.4,Mangaluru
2026-08-30 21:00:00,24.5,96,0.3,6.0,Mangaluru
2026-08-30 22:00:00,23.9,98,0.3,5.9,Mangaluru
2026-08-30 23:00:00,23.5,99,0.3,8.2,Mangaluru
2026-08-31 00:00:00,24.0,99,0.2,6.5,Mangaluru
2026-08-31 01:00:00,23.7,100,0.2,6.4,Mangaluru
2026-08-31 02:00:00,23.5,100,0.2,6.1,Mangaluru
2026-08-31 03:00:00,23.3,99,0.2,5.6,Mangaluru
2026-08-31 04:00:00,23.3,99,0.2,4.8,Mangaluru
2026-08-31 05:00:00,23.5,97,0.2,3.9,Mangaluru
2026-08-31 06:00:00,24.1,94,0.0,2.4,Mangaluru
2026-08-31 07:00:00,24.9,91,0.0,1.8,Mangaluru
2026-08-31 08:00:00,25.9,87,0.0,3.9,Mangaluru
2026-08-31 09:00:00,26.9,83,0.0,6.8,Mangaluru
2026-08-31 10:00:00,27.7,81,0.0,9.4,Mangaluru
2026-08-31 11:00:00,28.2,79,0.0,11.3,Mangaluru
2026-08-31 12:00:00,28.4,78,0.1,13.0,Mangaluru
2026-08-31 13:00:00,28.5,77,0.1,14.7,Mangaluru
2026-08-31 14:00:00,28.3,78,0.1,16.1,Mangaluru
2026-08-31 15:00:00,28.1,78,0.1,17.2,Mangaluru
2026-08-31 16:00:00,27.8,79,0.1,17.6,Mangaluru
2026-08-31 17:00:00,27.5,80,0.1,17.2,Mangaluru
2026-08-31 18:00:00,27.1,81,0.1,15.4,Mangaluru
2026-08-31 19:00:00,26.6,84,0.1,12.7,Mangaluru
2026-08-31 20:00:00,26.0,87,0.1,10.0,Mangaluru
2026-08-31 21:00:00,25.4,90,0.1,8.1,Mangaluru
2026-08-31 22:00:00,24.9,92,0.1,7.8,Mangaluru
2026-08-31 23:00:00,24.4,94,0.1,8.4,Mangaluru
